{
  "build": {
    "cpu": "cortex-m33",
    "f_cpu": "150000000L",
    "mcu": "lpc5528",
    "core": "arduino"
  },
  "connectivity": [
  ],
  "debug": {
    "jlink_device": "LPC5528",
    "svd_path": "LPC5528.svd",
    "tools": {
      "cmsis-dap": {
        "onboard": true,
        "server": {
          "arguments": [
            "pyocd-gdbserver.py",
            "-t",
            "lpc5528"
          ],
          "executable": "$PYTHONEXE",
          "package": "tool-pyocd"
        }
      }
    }
  },
  "frameworks": [
    "arduino"
  ],
  "name": "NXP LPC5528_MY",
  "upload": {
    "maximum_ram_size": 262100,
    "maximum_size": 524200,
    "protocol": "cmsis-dap",
    "protocols": [
      "jlink",
      "blackmagic",
      "cmsis-dap",
      "mbed"
    ]
  },
  "url": "https://www.nxp.com/docs/en/data-sheet/LPC1769_68_67_66_65_64_63.pdf",
  "vendor": "NXP"
}
